{
  "codeSystems" : [
    {
      "url" : "http://example.org/ValueSet/assessment-side-valueset",
      "version" : "0.1.0",
      "status" : "draft",
      "name" : "AssessmentSideValueSet",
      "title" : "評估側別選項",
      "description" : "ARAT評估時選擇左側或右側的選項",
      "systems" : ["http://snomed.info/sct"],
      "uses" : {
      },
      "StructureDefinition-ARATQuestionnaireResponse.html" : "ARAT上肢功能評估問卷回覆"
    },
    {
      "url" : "http://hl7.org/fhir/ValueSet/administrative-gender",
      "version" : "4.0.1",
      "status" : "active",
      "name" : "AdministrativeGender",
      "title" : "AdministrativeGender",
      "description" : "The gender of a person used for administrative purposes.",
      "systems" : ["http://hl7.org/fhir/administrative-gender"],
      "oids" : ["2.16.840.1.113883.4.642.3.1"],
      "sources" : ["2.16.840.1.113883.4.642.3.1"],
      "uses" : {
      },
      "StructureDefinition-MyPatient.html" : "MyPatient"
    },
    {
      "url" : "http://hl7.org/fhir/ValueSet/item-type",
      "version" : "4.0.1",
      "status" : "draft",
      "name" : "QuestionnaireItemType",
      "title" : "QuestionnaireItemType",
      "description" : "Distinguishes groups from questions and display text and indicates data type for questions.",
      "systems" : ["http://hl7.org/fhir/item-type"],
      "oids" : ["2.16.840.1.113883.4.642.3.444"],
      "sources" : ["2.16.840.1.113883.4.642.3.444"],
      "uses" : {
      },
      "StructureDefinition-SPACQuestionnaire.html" : "評估問卷"
    },
    {
      "url" : "http://hl7.org/fhir/ValueSet/jurisdiction",
      "version" : "4.0.1",
      "status" : "active",
      "name" : "Jurisdiction ValueSet",
      "title" : "Jurisdiction",
      "description" : "This value set defines a base set of codes for country, country subdivision and region    for indicating where a resource is intended to be used.   \r\n   \r\n   Note: The codes for countries and country subdivisions are taken from    [ISO 3166](https://www.iso.org/iso-3166-country-codes.html)    while the codes for \"supra-national\" regions are from    [UN Standard country or area codes for statistical use (M49)](http://unstats.un.org/unsd/methods/m49/m49.htm).",
      "systems" : [
        "http://unstats.un.org/unsd/methods/m49/m49.htm",
        "urn:iso:std:iso:3166",
        "urn:iso:std:iso:3166:-2"
      ],
      "oids" : ["2.16.840.1.113883.4.642.3.48"],
      "sources" : ["2.16.840.1.113883.4.642.3.48"],
      "uses" : {
      },
      "StructureDefinition-SPACQuestionnaire.html" : "評估問卷"
    },
    {
      "url" : "http://hl7.org/fhir/ValueSet/languages",
      "version" : "4.0.1",
      "status" : "draft",
      "name" : "CommonLanguages",
      "title" : "Common Languages",
      "description" : "This value set includes common codes from BCP-47 (http://tools.ietf.org/html/bcp47)",
      "systems" : ["urn:ietf:bcp:47"],
      "oids" : ["2.16.840.1.113883.4.642.3.20"],
      "sources" : ["2.16.840.1.113883.4.642.3.20"],
      "uses" : {
      },
      "StructureDefinition-MyPatient.html" : "MyPatient",
      "StructureDefinition-SPACQuestionnaire.html" : "評估問卷",
      "StructureDefinition-ARATQuestionnaireResponse.html" : "ARAT上肢功能評估問卷回覆",
      "StructureDefinition-SPACQuestionnaireResponse.html" : "評估問卷回覆"
    },
    {
      "url" : "http://hl7.org/fhir/ValueSet/link-type",
      "version" : "4.0.1",
      "status" : "active",
      "name" : "LinkType",
      "title" : "LinkType",
      "description" : "The type of link between this patient resource and another patient resource.",
      "systems" : ["http://hl7.org/fhir/link-type"],
      "oids" : ["2.16.840.1.113883.4.642.3.423"],
      "sources" : ["2.16.840.1.113883.4.642.3.423"],
      "uses" : {
      },
      "StructureDefinition-MyPatient.html" : "MyPatient"
    },
    {
      "url" : "http://hl7.org/fhir/ValueSet/marital-status",
      "version" : "4.0.1",
      "status" : "active",
      "name" : "Marital Status Codes",
      "title" : "MaritalStatus",
      "description" : "This value set defines the set of codes that can be used to indicate the marital status of a person.",
      "systems" : [
        "http://terminology.hl7.org/CodeSystem/v3-MaritalStatus",
        "http://terminology.hl7.org/CodeSystem/v3-NullFlavor"
      ],
      "oids" : ["2.16.840.1.113883.4.642.3.29"],
      "sources" : ["2.16.840.1.113883.4.642.3.29"],
      "uses" : {
      },
      "StructureDefinition-MyPatient.html" : "MyPatient"
    },
    {
      "url" : "http://hl7.org/fhir/ValueSet/patient-contactrelationship",
      "version" : "4.0.1",
      "status" : "active",
      "name" : "PatientContactRelationship",
      "title" : "Patient Contact Relationship ",
      "description" : "The nature of the relationship between the patient and the contact person.",
      "systems" : ["http://terminology.hl7.org/CodeSystem/v2-0131"],
      "oids" : ["2.16.840.1.113883.4.642.3.1130"],
      "sources" : ["2.16.840.1.113883.4.642.3.1130"],
      "uses" : {
      },
      "StructureDefinition-MyPatient.html" : "MyPatient"
    },
    {
      "url" : "http://hl7.org/fhir/ValueSet/publication-status",
      "version" : "4.0.1",
      "status" : "active",
      "name" : "PublicationStatus",
      "title" : "PublicationStatus",
      "description" : "The lifecycle status of an artifact.",
      "systems" : ["http://hl7.org/fhir/publication-status"],
      "oids" : ["2.16.840.1.113883.4.642.3.3"],
      "sources" : ["2.16.840.1.113883.4.642.3.3"],
      "uses" : {
      },
      "StructureDefinition-SPACQuestionnaire.html" : "評估問卷"
    },
    {
      "url" : "http://hl7.org/fhir/ValueSet/questionnaire-answers",
      "version" : "4.0.1",
      "status" : "draft",
      "name" : "QuestionnaireAnswerCodes",
      "title" : "Questionnaire Answer Codes",
      "description" : "Example list of codes for answers to questions. (Not complete or necessarily appropriate.)",
      "systems" : ["http://snomed.info/sct"],
      "oids" : ["2.16.840.1.113883.4.642.3.446"],
      "sources" : ["2.16.840.1.113883.4.642.3.446"],
      "uses" : {
      },
      "StructureDefinition-SPACQuestionnaire.html" : "評估問卷",
      "StructureDefinition-ARATQuestionnaireResponse.html" : "ARAT上肢功能評估問卷回覆",
      "StructureDefinition-SPACQuestionnaireResponse.html" : "評估問卷回覆"
    },
    {
      "url" : "http://hl7.org/fhir/ValueSet/questionnaire-answers-status",
      "version" : "4.0.1",
      "status" : "draft",
      "name" : "QuestionnaireResponseStatus",
      "title" : "QuestionnaireResponseStatus",
      "description" : "Lifecycle status of the questionnaire response.",
      "systems" : ["http://hl7.org/fhir/questionnaire-answers-status"],
      "oids" : ["required"],
      "sources" : ["required"],
      "uses" : {
      },
      "StructureDefinition-ARATQuestionnaireResponse.html" : "ARAT上肢功能評估問卷回覆",
      "StructureDefinition-SPACQuestionnaireResponse.html" : "評估問卷回覆"
    },
    {
      "url" : "http://hl7.org/fhir/ValueSet/questionnaire-enable-behavior",
      "version" : "4.0.1",
      "status" : "draft",
      "name" : "EnableWhenBehavior",
      "title" : "EnableWhenBehavior",
      "description" : "Controls how multiple enableWhen values are interpreted -  whether all or any must be true.",
      "systems" : ["http://hl7.org/fhir/questionnaire-enable-behavior"],
      "oids" : ["2.16.840.1.113883.4.642.3.1007"],
      "sources" : ["2.16.840.1.113883.4.642.3.1007"],
      "uses" : {
      },
      "StructureDefinition-SPACQuestionnaire.html" : "評估問卷"
    },
    {
      "url" : "http://hl7.org/fhir/ValueSet/questionnaire-enable-operator",
      "version" : "4.0.1",
      "status" : "draft",
      "name" : "QuestionnaireItemOperator",
      "title" : "QuestionnaireItemOperator",
      "description" : "The criteria by which a question is enabled.",
      "systems" : ["http://hl7.org/fhir/questionnaire-enable-operator"],
      "oids" : ["2.16.840.1.113883.4.642.3.1005"],
      "sources" : ["2.16.840.1.113883.4.642.3.1005"],
      "uses" : {
      },
      "StructureDefinition-SPACQuestionnaire.html" : "評估問卷"
    },
    {
      "url" : "http://hl7.org/fhir/ValueSet/questionnaire-questions",
      "version" : "4.0.1",
      "status" : "draft",
      "name" : "QuestionnaireQuestionCodes",
      "title" : "Questionnaire Question Codes",
      "description" : "Example list of codes for questions and groups of questions. (Not necessarily complete or appropriate.)",
      "systems" : ["http://loinc.org"],
      "oids" : ["2.16.840.1.113883.4.642.3.443"],
      "sources" : ["2.16.840.1.113883.4.642.3.443"],
      "uses" : {
      },
      "StructureDefinition-SPACQuestionnaire.html" : "評估問卷"
    },
    {
      "url" : "http://hl7.org/fhir/ValueSet/resource-types",
      "version" : "4.0.1",
      "status" : "active",
      "name" : "ResourceType",
      "title" : "ResourceType",
      "description" : "One of the resource types defined as part of this version of FHIR.",
      "systems" : ["http://hl7.org/fhir/resource-types"],
      "oids" : ["2.16.840.1.113883.4.642.3.27"],
      "sources" : ["2.16.840.1.113883.4.642.3.27"],
      "uses" : {
      },
      "StructureDefinition-SPACQuestionnaire.html" : "評估問卷",
      "StructureDefinition-ARATQuestionnaireResponse.html" : "ARAT上肢功能評估問卷回覆",
      "StructureDefinition-SPACQuestionnaireResponse.html" : "評估問卷回覆"
    }
  ]
}
